Workbook

Sheet Communication

Sheet Objective
A2: Objective 1 | C2: Data Dictionary
A3: Based on the latest month's data, identify the contribution of different borader categories towards CPI basket. | C3: Column Name | D3: Description
A4: Broader categories can be created by combining similar categories into one bucket | C4: Sector | D4: Tells about the sector of research- urban, rural, urban + rural
A5: Ex: meal, beverages, etc can be clubbed into Food broader category | C5: Year | D5: Tells about the year of research
A6: Which broader category has the highest contribution towards CPI calculation | C6: Month | D6: Tells about the month of research
A7: Contribution is calculated by evaluting the underlying index values for broader category | C7: Cereals and products | D7: CPI index of cereals and products
A8: and should add to 100% when contribution from different broader categories are added. | C8: Meat and fish | D8: CPI index of Meat and Fish
C9: Egg | D9: CPI index of Egg
C10: Milk and products | D10: CPI index of Milk and products
A11: Objective 2 | C11: Oils and fats | D11: CPI index of Oils and fats
A12: A trend of Y-o-Y increase in CPI (rural + urban) inflaion starting from 2017 for the entire basket of products combined. | C12: Fruits | D12: CPI index of Fruits
A13: Create a graph depicting the growth rate Y-o-Y and identify the year with highest inflation rate. | C13: Vegetables | D13: CPI index of Vegetables
A14: Highlight the reason why the year has the highest inflation. | C14: Pulses and products | D14: CPI index of Pulses and products
C15: Sugar and Confectionery | D15: CPI index of Sugar and Confectionery
C16: Spices | D16: CPI index of Spices
A17: Objective 3 | C17: Non-alcoholic beverages | D17: CPI index of Non-alcoholic beverages
A18: With the india's retail inflation reaching a 3-month high of 5.55% in Nov 2023, largley due to sharp rise in food prices. | C18: Prepared meals, snacks, sweets etc. | D18: CPI index of Prepared meals, snacks, sweets etc.
A19: Analyze the following for 12 months ending May 2023. | C19: Food and beverages | D19: CPI index of Food and beverages
A20: Investigate trends in the prices of broader food bucket category and evalute month-on-month changes. Highlight the | C20: Pan, tobacco and intoxicants | D20: CPI index of Pan, tobacco and intoxicants
A21: month with highest and lowest food inflation. | C21: Clothing | D21: CPI index of Clothing
A22: Identify the absolute change in the inflation over the same 12-months period and identify the biggest individual | C22: Footwear | D22: CPI index of Footwear
A23: category contributor towards inflation (only within broader category). | C23: Clothing and footwear | D23: CPI index of Clothing and footwear
C24: Housing | D24: CPI index of Housing
C25: Fuel and light | D25: CPI index of Fuel and light
A26: Objective 4 | C26: Household goods and services | D26: CPI index of Household goods and services
A27: Investigate how the onset and progression of covid-19 pandemic affected inflation rates in india. | C27: Health | D27: CPI index of Health
A28: Analyze the effects of key pandemic milestone on the CPI inflation % and especially focus on the categories like food, | C28: Transport and communication | D28: CPI index of Transport and communication
A29: healthcare, and essential services. | C29: Recreation and amusement | D29: CPI index of Recreation and amusement
A30: You can consider March 2020 as the onset of covid, and can compare the inflation trend before and after March 2020 to | C30: Education | D30: CPI index of Education
A31: see if there is a change in inflation % before and after. | C31: Personal care and effects | D31: CPI index of Personal care and effects
C32: Miscellaneous | D32: CPI index of Miscellaneous
C33: General index | D33: Overall CPI index, generalised
A34: Objective 5 | C34: Food | D34: Aggregated CPI index forFood-Broader (Cereals, egg, milk, oils column upto pan, tabbacco
A35: Investigate how major global economic events (like imported crude oil price fluctuations) have influenced India's | C35: Essentials | D35: Aggregated CPI index for Housing, Transport, Education, Fuel and Light etc.
A36: inflation. This can include analysis of imported goods and their price trends. | C36: Clothing | D36: Aggregated CPI index for Clothing (Clothing, footwear cols)
A37: For this analysis, focus only on imported oil price fluctuations data from year 2021 to 2023 (Month-on-Month) | C37: Premium | D37: Aggregated CPI index of Pan, Tobacco, Recreation and Amusement, Personal Care
A38: Identify trend in oil price change with change in inflation prices of all the categories and identify categories whose
A39: inflation prices strongly changes with fluctuations in imported oil price. (correl function can be used)

Sheet Obj 1
A1: ANALYSIS SUMMARY
A2: Food Category emerges as the most significant contributor towards CPI Basket, demonstrating the highest overall contribution of nearly 50% across all three sectors - Rural, Urban, Rural+Urban, followed by Essentials which stand 2nd with 18.81%
A3: In contrast, Healthercare and Miscellaneous has lowest contribution with a total share of approx 4%.
A7: CPI Data for May 2023 | G7: Contribution %
A8: Categories | B8: Rural | C8: Urban | D8: Rural+Urban | E8: Broader Category | G8: Broader Category | H8: Rural | I8: Urban | J8: Rural+Urban | K8: Avg Total
A9: Cereals and products | B9: 173.2 | C9: 174.7 | D9: 173.7 | E9: Food | G9: Food | H9: =ROUND(SUMIFS(Table3[Rural],Table3[Broader Category],G9)/SUM(Table3[Rural])*100,2) -> 49.01 | I9: =ROUND(SUMIFS(Table3[Urban],Table3[Broader Category],G9)/SUM(Table3[Urban])*100,2) -> 50.32 | J9: =ROUND(SUMIFS(Table3[Rural+Urban],Table3[Broader Category],G9)/SUM(Table3[Rural+Urban])*100,2) -> 49.56 | K9: =ROUND(AVERAGE(H9:J9),2) -> 49.63
A10: Meat and fish | B10: 211.5 | C10: 219.4 | D10: 214.3 | E10: Food | G10: Premium | H10: =ROUND(SUMIFS(Table3[Rural],Table3[Broader Category],G10)/SUM(Table3[Rural])*100,2) -> 11.95 | I10: =ROUND(SUMIFS(Table3[Urban],Table3[Broader Category],G10)/SUM(Table3[Urban])*100,2) -> 12.05 | J10: =ROUND(SUMIFS(Table3[Rural+Urban],Table3[Broader Category],G10)/SUM(Table3[Rural+Urban])*100,2) -> 11.98 | K10: =ROUND(AVERAGE(H10:J10),2) -> 11.99
A11: Egg | B11: 171 | C11: 176.7 | D11: 173.2 | E11: Food | G11: Clothing | H11: =ROUND(SUMIFS(Table3[Rural],Table3[Broader Category],G11)/SUM(Table3[Rural])*100,2) -> 12.19 | I11: =ROUND(SUMIFS(Table3[Urban],Table3[Broader Category],G11)/SUM(Table3[Urban])*100,2) -> 11.39 | J11: =ROUND(SUMIFS(Table3[Rural+Urban],Table3[Broader Category],G11)/SUM(Table3[Rural+Urban])*100,2) -> 11.89 | K11: =ROUND(AVERAGE(H11:J11),2) -> 11.82
A12: Milk and products | B12: 179.6 | C12: 179.4 | D12: 179.5 | E12: Food | G12: Essentials | H12: =ROUND(SUMIFS(Table3[Rural],Table3[Broader Category],G12)/SUM(Table3[Rural])*100,2) -> 18.99 | I12: =ROUND(SUMIFS(Table3[Urban],Table3[Broader Category],G12)/SUM(Table3[Urban])*100,2) -> 18.62 | J12: =ROUND(SUMIFS(Table3[Rural+Urban],Table3[Broader Category],G12)/SUM(Table3[Rural+Urban])*100,2) -> 18.81 | K12: =ROUND(AVERAGE(H12:J12),2) -> 18.81
A13: Oils and fats | B13: 173.3 | C13: 164.4 | D13: 170 | E13: Food | G13: Healthcare | H13: =ROUND(SUMIFS(Table3[Rural],Table3[Broader Category],G13)/SUM(Table3[Rural])*100,2) -> 4.02 | I13: =ROUND(SUMIFS(Table3[Urban],Table3[Broader Category],G13)/SUM(Table3[Urban])*100,2) -> 3.93 | J13: =ROUND(SUMIFS(Table3[Rural+Urban],Table3[Broader Category],G13)/SUM(Table3[Rural+Urban])*100,2) -> 3.99 | K13: =ROUND(AVERAGE(H13:J13),2) -> 3.98
A14: Fruits | B14: 169 | C14: 175.8 | D14: 172.2 | E14: Food | G14: Miscellaneous | H14: =ROUND(SUMIFS(Table3[Rural],Table3[Broader Category],G14)/SUM(Table3[Rural])*100,2) -> 3.84 | I14: =ROUND(SUMIFS(Table3[Urban],Table3[Broader Category],G14)/SUM(Table3[Urban])*100,2) -> 3.7 | J14: =ROUND(SUMIFS(Table3[Rural+Urban],Table3[Broader Category],G14)/SUM(Table3[Rural+Urban])*100,2) -> 3.77 | K14: =ROUND(AVERAGE(H14:J14),2) -> 3.77
A15: Vegetables | B15: 148.7 | C15: 185 | D15: 161 | E15: Food
A16: Pulses and products | B16: 174.9 | C16: 176.9 | D16: 175.6 | E16: Food
A17: Sugar and Confectionery | B17: 121.9 | C17: 124.2 | D17: 122.7 | E17: Food
A18: Spices | B18: 221 | C18: 211.9 | D18: 218 | E18: Food
A19: Non-alcoholic beverages | B19: 178.7 | C19: 165.9 | D19: 173.4 | E19: Food
A20: Prepared meals, snacks, sweets etc. | B20: 191.1 | C20: 197.7 | D20: 194.2 | E20: Food
A21: Food and beverages | B21: 176.8 | C21: 183.1 | D21: 179.1 | E21: Food
A22: Pan, tobacco and intoxicants | B22: 199.9 | C22: 204.2 | D22: 201 | E22: Premium
A23: Clothing | B23: 191.2 | C23: 181.3 | D23: 187.3 | E23: Clothing
A24: Footwear | B24: 187.9 | C24: 168.1 | D24: 179.7 | E24: Clothing
A25: Clothing and footwear | B25: 190.8 | C25: 179.3 | D25: 186.2 | E25: Clothing
A26: Housing | B26: 175.6 | C26: 175.6 | D26: 175.6 | E26: Essentials
... A34: Miscellaneous | B34: 179.5 | C34: 171.6 | D34: 175.7 | E34: Miscellaneous

Sheet Obj 2
A1: INSIGHTS
A2: Year 2019 marks the sharpest inflation change since 2017, with an increase of nearly 8%.
A3: The primary contributor to this rise has been the upward trend in Food product prices.
A6: Sector | B6: Year | C6: Jan CPI | D6: Dec CPI | E6: Annual Inflation %
A7: Rural+Urban | B7: 2017 | C7: {=_xlfn._xlws.FILTER(Table2[General index],(Table2[Sector]='Obj 2'!$A7)*(Table2[Year]='Obj 2'!$B7)*(LEFT(Table2[Month],3)=LEFT(C$6,3)))} -> 130.3 | D7: {=_xlfn._xlws.FILTER(Table2[General index],(Table2[Sector]='Obj 2'!$A7)*(Table2[Year]='Obj 2'!$B7)*(LEFT(Table2[Month],3)=LEFT(D$6,3)))} -> 137.2 | E7: =ROUND((D7-C7)/C7*100,2) -> 5.3
A8: Rural+Urban | B8: 2018 | C8: {=_xlfn._xlws.FILTER(Table2[General index],(Table2[Sector]='Obj 2'!$A8)*(Table2[Year]='Obj 2'!$B8)*(LEFT(Table2[Month],3)=LEFT(C$6,3)))} -> 136.9 | D8: {=_xlfn._xlws.FILTER(Table2[General index],(Table2[Sector]='Obj 2'!$A8)*(Table2[Year]='Obj 2'!$B8)*(LEFT(Table2[Month],3)=LEFT(D$6,3)))} -> 140.1 | E8: =ROUND((D8-C8)/C8*100,2) -> 2.34
A9: Rural+Urban | B9: 2019 | C9: {=_xlfn._xlws.FILTER(Table2[General index],(Table2[Sector]='Obj 2'!$A9)*(Table2[Year]='Obj 2'!$B9)*(LEFT(Table2[Month],3)=LEFT(C$6,3)))} -> 139.6 | D9: {=_xlfn._xlws.FILTER(Table2[General index],(Table2[Sector]='Obj 2'!$A9)*(Table2[Year]='Obj 2'!$B9)*(LEFT(Table2[Month],3)=LEFT(D$6,3)))} -> 150.4 | E9: =ROUND((D9-C9)/C9*100,2) -> 7.74
A10: Rural+Urban | B10: 2020 | C10: {=_xlfn._xlws.FILTER(Table2[General index],(Table2[Sector]='Obj 2'!$A10)*(Table2[Year]='Obj 2'!$B10)*(LEFT(Table2[Month],3)=LEFT(C$6,3)))} -> 150.2 | D10: {=_xlfn._xlws.FILTER(Table2[General index],(Table2[Sector]='Obj 2'!$A10)*(Table2[Year]='Obj 2'!$B10)*(LEFT(Table2[Month],3)=LEFT(D$6,3)))} -> 158.9 | E10: =ROUND((D10-C10)/C10*100,2) -> 5.79
A11: Rural+Urban | B11: 2021 | C11: {=_xlfn._xlws.FILTER(Table2[General index],(Table2[Sector]='Obj 2'!$A11)*(Table2[Year]='Obj 2'!$B11)*(LEFT(Table2[Month],3)=LEFT(C$6,3)))} -> 157.3 | D11: {=_xlfn._xlws.FILTER(Table2[General index],(Table2[Sector]='Obj 2'!$A11)*(Table2[Year]='Obj 2'!$B11)*(LEFT(Table2[Month],3)=LEFT(D$6,3)))} -> 166.2 | E11: =ROUND((D11-C11)/C11*100,2) -> 5.66
A12: Rural+Urban | B12: 2022 | C12: {=_xlfn._xlws.FILTER(Table2[General index],(Table2[Sector]='Obj 2'!$A12)*(Table2[Year]='Obj 2'!$B12)*(LEFT(Table2[Month],3)=LEFT(C$6,3)))} -> 165.7 | D12: {=_xlfn._xlws.FILTER(Table2[General index],(Table2[Sector]='Obj 2'!$A12)*(Table2[Year]='Obj 2'!$B12)*(LEFT(Table2[Month],3)=LEFT(D$6,3)))} -> 175.7 | E12: =ROUND((D12-C12)/C12*100,2) -> 6.04

Sheet Obj 3
A1: Analysis Summary
A2: In June 2022, the inflation rate reached its peak with a rise of 1.03%.
A3: Feb 2023 saw the lowest inflation growth recorded, with a decrease of -0.6%.
A4: Spices inflation surged by 16.5% over the last year, primarily due to supply shortages from adverse weather and robust export demand, making spices a top contributor to overall food inflation.
A7: Month-o-Month Inflation Change from June 2022 To May 2023
A8: Sector | B8: Month | C8: Cereals and products | D8: Meat and fish | E8: Egg | F8: Milk and products | G8: Oils and fats | H8: Fruits | I8: Vegetables | J8: Pulses and products | K8: Sugar and Confectionery | L8: Spices | M8: Non-alcoholic beverages | N8: Prepared meals, snacks, sweets etc. | O8: Food and beverages | P8: Column1 | Q8: Monthly Change %
A9: Rural+Urban | B9: May-2022 | C9: 154.1 | D9: 217 | E9: 162.4 | F9: 164.9 | G9: 202.4 | H9: 171 | I9: 174.9 | J9: 164.7 | K9: 119.7 | L9: 184.9 | M9: 167.1 | N9: 182.5 | O9: 173.3 | P9: =SUM(Table9[[#This Row],[Cereals and products]:[Food and beverages]]) -> 2238.9 | Q9: =IFERROR(ROUND((Table9[[#This Row],[Column1]]-Table9[[#Headers],[Column1]])/Table9[[#Headers],[Column1]]*100,1),"")
A10: Rural+Urban | B10: Jun-2022 | C10: 155 | D10: 219.4 | E10: 170.8 | F10: 165.8 | G10: 200.9 | H10: 169.7 | I10: 182.3 | J10: 164.3 | K10: 119.9 | L10: 187.1 | M10: 167.9 | N10: 183.9 | O10: 174.9 | P10: =SUM(Table9[[#This Row],[Cereals and products]:[Food and beverages]]) -> 2261.9 | Q10: =IFERROR(ROUND((Table9[[#This Row],[Column1]]-P9)/P9*100,2),"") -> 1.03
A11: Rural+Urban | B11: Jul-2022 | C11: 156.5 | D11: 213 | E11: 175.2 | F11: 166.6 | G11: 195.8 | H11: 174.2 | I11: 182.1 | J11: 164.3 | K11: 120 | L11: 190 | M11: 168.4 | N11: 185.2 | O11: 175 | P11: =SUM(Table9[[#This Row],[Cereals and products]:[Food and beverages]]) -> 2266.3 | Q11: =IFERROR(ROUND((Table9[[#This Row],[Column1]]-P10)/P10*100,2),"") -> 0.19
A12: Rural+Urban | B12: Aug-2022 | C12: 160.3 | D12: 206.5 | E12: 169.2 | F12: 168.1 | G12: 192.4 | H12: 172.9 | I12: 186.7 | J12: 167.2 | K12: 120.9 | L12: 193.6 | M12: 168.8 | N12: 186.3 | O12: 176.3 | P12: =SUM(Table9[[#This Row],[Cereals and products]:[Food and beverages]]) -> 2269.2 | Q12: =IFERROR(ROUND((Table9[[#This Row],[Column1]]-P11)/P11*100,2),"") -> 0.13
A13: Rural+Urban | B13: Sep-2022 | C13: 163.5 | D13: 209.2 | E13: 169.7 | F13: 169.7 | G13: 188.7 | H13: 165.7 | I13: 191.8 | J13: 169.1 | K13: 121.6 | L13: 197.3 | M13: 169.4 | N13: 187.4 | O13: 177.8 | P13: =SUM(Table9[[#This Row],[Cereals and products]:[Food and beverages]]) -> 2280.9 | Q13: =IFERROR(ROUND((Table9[[#This Row],[Column1]]-P12)/P12*100,2),"") -> 0.52
A14: Rural+Urban | B14: Oct-2022 | C14: 165.2 | D14: 210.9 | E14: 170.9 | F14: 170.9 | G14: 186.5 | H14: 163.8 | I14: 199.7 | J14: 169.8 | K14: 121.9 | L14: 199.9 | M14: 169.9 | N14: 188.3 | O14: 179.6 | P14: =SUM(Table9[[#This Row],[Cereals and products]:[Food and beverages]]) -> 2297.3 | Q14: =IFERROR(ROUND((Table9[[#This Row],[Column1]]-P13)/P13*100,2),"") -> 0.72
A15: Rural+Urban | B15: Nov-2022 | C15: 167.4 | D15: 209.4 | E15: 181.4 | F15: 172.3 | G15: 188.9 | H15: 160.7 | I15: 183.1 | J15: 170.5 | K15: 122.1 | L15: 202.8 | M15: 170.4 | N15: 189.5 | O15: 178.3 | P15: =SUM(Table9[[#This Row],[Cereals and products]:[Food and beverages]]) -> 2296.8 | Q15: =IFERROR(ROUND((Table9[[#This Row],[Column1]]-P14)/P14*100,2),"") -> -0.02
A16: Rural+Urban | B16: Dec-2022 | C16: 169.2 | D16: 209 | E16: 190.2 | F16: 173.6 | G16: 188.5 | H16: 158 | I16: 159.9 | J16: 170.8 | K16: 121.8 | L16: 205.2 | M16: 171 | N16: 190.3 | O16: 175.9 | P16: =SUM(Table9[[#This Row],[Cereals and products]:[Food and beverages]]) -> 2283.4 | Q16: =IFERROR(ROUND((Table9[[#This Row],[Column1]]-P15)/P15*100,2),"") -> -0.58
A17: Rural+Urban | B17: Jan-2023 | C17: 173.8 | D17: 210.7 | E17: 194.5 | F17: 174.6 | G17: 187.2 | H17: 158.3 | I17: 153.9 | J17: 170.9 | K17: 121.1 | L17: 208.4 | M17: 171.4 | N17: 191.2 | O17: 176.7 | P17: =SUM(Table9[[#This Row],[Cereals and products]:[Food and beverages]]) -> 2292.7 | Q17: =IFERROR(ROUND((Table9[[#This Row],[Column1]]-P16)/P16*100,2),"") -> 0.41
A18: Rural+Urban | B18: Feb-2023 | C18: 174.4 | D18: 207.7 | E18: 175.2 | F18: 177.3 | G18: 179.3 | H18: 169.5 | I18: 152.7 | J18: 171 | K18: 120 | L18: 209.7 | M18: 172.3 | N18: 193 | O18: 177 | P18: =SUM(Table9[[#This Row],[Cereals and products]:[Food and beverages]]) -> 2279.1 | Q18: =IFERROR(ROUND((Table9[[#This Row],[Column1]]-P17)/P17*100,2),"") -> -0.59
A19: Rural+Urban | B19: Mar-2023 | C19: 174.4 | D19: 207.7 | E19: 175.2 | F19: 177.3 | G19: 179.2 | H19: 169.5 | I19: 152.8 | J19: 171.1 | K19: 120 | L19: 209.7 | M19: 172.3 | N19: 193 | O19: 177 | P19: =SUM(Table9[[#This Row],[Cereals and products]:[Food and beverages]]) -> 2279.2 | Q19: =IFERROR(ROUND((Table9[[#This Row],[Column1]]-P18)/P18*100,2),"") -> 0
A20: Rural+Urban | B20: Apr-2023 | C20: 173.8 | D20: 209.3 | E20: 169.6 | F20: 178.4 | G20: 174.9 | H20: 176.3 | I20: 155.4 | J20: 173.4 | K20: 121.3 | L20: 212.9 | M20: 172.9 | N20: 193.5 | O20: 177.9 | P20: =SUM(Table9[[#This Row],[Cereals and products]:[Food and beverages]]) -> 2289.6 | Q20: =IFERROR(ROUND((Table9[[#This Row],[Column1]]-P19)/P19*100,2),"") -> 0.46
A21: Rural+Urban | B21: May-2023 | C21: 173.7 | D21: 214.3 | E21: 173.2 | F21: 179.5 | G21: 170 | H21: 172.2 | I21: 161 | J21: 175.6 | K21: 122.7 | L21: 218 | M21: 173.4 | N21: 194.2 | O21: 179.1 | P21: =SUM(Table9[[#This Row],[Cereals and products]:[Food and beverages]]) -> 2306.9 | Q21: =IFERROR(ROUND((Table9[[#This Row],[Column1]]-P20)/P20*100,2),"") -> 0.76
A26: Food Bucked Sub Categories | B26: Absolute Inflation
A27: Cereals and products | B27: =ROUND((C21-C10)/C10*100,2) -> 12.06
A28: Meat and fish | B28: =ROUND((D21-D10)/D10*100,2) -> -2.32
A29: Egg | B29: =ROUND((E21-E10)/E10*100,2) -> 1.41
A30: Milk and products | B30: =ROUND((F21-F10)/F10*100,1=2) -> 8
A31: Oils and fats | B31: =ROUND((G21-G10)/G10*100,2) -> -15.38
A32: Fruits | B32: =ROUND((H21-H10)/H10*100,2) -> 1.47
A33: Vegetables | B33: =ROUND((I21-I10)/I10*100,2) -> -11.68
A34: Pulses and products | B34: =ROUND((J21-J10)/J10*100,2) -> 6.88
A35: Sugar and Confectionery | B35: =ROUND((K21-K10)/K10*100,2) -> 2.34
A36: Spices | B36: =ROUND((L21-L10)/L10*100,2) -> 16.52
A37: Non-alcoholic beverages | B37: =ROUND((M21-M10)/M10*100,2) -> 3.28
A38: Prepared meals, snacks, sweets etc. | B38: =ROUND((N21-N10)/N10*100,2) -> 5.6
A39: Food and beverages | B39: =ROUND((O21-O10)/O10*100,2) -> 2.4

Sheet Obj 4
A1: Analysis Summary
A2: Health inflation shifted from a volatile pattern Before-Covid (8.41% to 3.76%) to a steady but elevated range After-Covid (5.91% → 6.59%).
A3: Food inflation shifted from a sharp surge Before-Covid (0.06% to 8.43%) to the reverse After-Covid, showing a consistent cooling trend (7.59% to 4.34%).
A4: Essentials inflation moved from Before-Covid decline (4.43% to 3.89%) into a persistent upward climb After-Covid (4.34% to 6.08%).
A7: Sector | B7: Year | C7: Food | D7: Healthcare | E7: Essentials
A8: Rural+Urban | B8: Mar-2018 | C8: 1756 | D8: 134.3 | E8: 674.9
A9: Rural+Urban | B9: Feb-2019 | C9: 1757.1 | D9: 145.6 | E9: 704.8
A10: Rural+Urban | B10: Mar-2019 | C10: 1762.9 | D10: 146.2 | E10: 707.4
A11: Rural+Urban | B11: Feb-2020 | C11: 1911.6 | D11: 151.7 | E11: 734.9
A12: Rural+Urban | B12: Mar-2020 | C12: 1895.4 | D12: 152.3 | E12: 735.8
A13: Rural+Urban | B13: Feb-2021 | C13: 2039.3 | D13: 161.3 | E13: 767.7
A14: Rural+Urban | B14: Mar-2021 | C14: 2039.4 | D14: 161.7 | E14: 773
A15: Rural+Urban | B15: Feb-2022 | C15: 2161.2 | D15: 172.2 | E15: 815.3
A16: Rural+Urban | B16: Mar-2022 | C16: 2184.2 | D16: 173 | E16: 819.2
A17: Rural+Urban | B17: Feb-2023 | C17: 2279.1 | D17: 184.4 | E17: 869
A20: Period | B20: Year | C20: Food | D20: Health | E20: Essentials
A21: Before Covid | B21: 2018-2019 | C21: =ROUND((C9-C8)/C8*100,2) -> 0.06 | D21: =ROUND((D9-D8)/D8*100,2) -> 8.41 | E21: =ROUND((E9-E8)/E8*100,2) -> 4.43
A22: Before Covid | B22: 2019-2020 | C22: =ROUND((C11-C10)/C10*100,2) -> 8.43 | D22: =ROUND((D11-D10)/D10*100,2) -> 3.76 | E22: =ROUND((E11-E10)/E10*100,2) -> 3.89
A23: After Covid | B23: 2020-2021 | C23: =ROUND((C13-C12)/C12*100,2) -> 7.59 | D23: =ROUND((D13-D12)/D12*100,2) -> 5.91 | E23: =ROUND((E13-E12)/E12*100,2) -> 4.34
A24: After Covid | B24: 2021-2022 | C24: =ROUND((C15-C14)/C14*100,2) -> 5.97 | D24: =ROUND((D15-D14)/D14*100,2) -> 6.49 | E24: =ROUND((E15-E14)/E14*100,2) -> 5.47
A25: After Covid | B25: 2022-2023 | C25: =ROUND((C17-C16)/C16*100,2) -> 4.34 | D25: =ROUND((D17-D16)/D16*100,2) -> 6.59 | E25: =ROUND((E17-E16)/E16*100,2) -> 6.08

Sheet Obj 5
A1: Analysis Summary
A2: Crude oil price fluctuations from 2021 to 2023 strongly influenced inflation, especially in Food categories, with effects gradually passing through to other sectors globally.
A3: While Health and Premium sectors are slightly less affected.
A5: Sector | B5: Categories | C5: Correlation | D5: Jan-2021 | E5: Feb-2021 | F5: Mar-2021 | G5: Apr-2021 | H5: May-2021 | I5: Jun-2021 | J5: Jul-2021 | K5: Aug-2021 | L5: Sep-2021 | M5: Oct-2021 | N5: Nov-2021 | O5: Dec-2021 | P5: Jan-2022 | Q5: Feb-2022 | R5: Mar-2022 | S5: Apr-2022 | T5: May-2022 | U5: Jun-2022 | V5: Jul-2022 | W5: Aug-2022 | X5: Sep-2022 | Y5: Oct-2022 | Z5: Nov-2022 | AA5: Dec-2022 | AB5: Jan-2023 | AC5: Feb-2023 | AD5: Mar-2023 | AE5: Apr-2023 | AF5: May-2023
A6: Rural+Urban | B6: Food | C6: =ROUND(CORREL(Table8[[#This Row],[Jan-2021]:[May-2023]],$D$12:$AF$12),2) -> 0.71 | D6: 2076.5 | E6: 2039.3 | F6: 2039.4 | G6: 2064.1 | H6: 2105.7 | I6: 2133.9 | J6: 2147 | K6: 2142 | L6: 2142 | M6: 2175.5 | N6: 2194.1 | O6: 2180.9 | P6: 2164.2 | Q6: 2161.2 | R6: 2184.2 | S6: 2214.3 | T6: 2238.9 | U6: 2261.9 | V6: 2266.3 | W6: 2269.2 | X6: 2280.9 | Y6: 2297.3 | Z6: 2296.8 | AA6: 2283.4 | AB6: 2292.7 | AC6: 2279.1 | AD6: 2279.2 | AE6: 2289.6 | AF6: 2306.9
A7: Rural+Urban | B7: Essentials | C7: =ROUND(CORREL(Table8[[#This Row],[Jan-2021]:[May-2023]],$D$12:$AF$12),2) -> 0.67 | D7: 756.7 | E7: 767.7 | F7: 773 | G7: 775.7 | H7: 785.8 | I7: 787.5 | J7: 794.3 | K7: 800 | L7: 799.9 | M7: 805.8 | N7: 806.5 | O7: 807.8 | P7: 811 | Q7: 815.3 | R7: 819.2 | S7: 832.7 | T7: 838.2 | U7: 839.3 | V7: 847.8 | W7: 850.5 | X7: 853.9 | Y7: 858.4 | Z7: 861.2 | AA7: 862.3 | AB7: 864.9 | AC7: 869 | AD7: 868.8 | AE7: 872.4 | AF7: 875.5
A8: Rural+Urban | B8: Clothing | C8: =ROUND(CORREL(Table8[[#This Row],[Jan-2021]:[May-2023]],$D$12:$AF$12),2) -> 0.66 | D8: 455.8 | E8: 460.4 | F8: 462.1 | G8: 464.6 | H8: 474.3 | I8: 474.7 | J8: 477.3 | K8: 483 | L8: 483.2 | M8: 486.3 | N8: 490.4 | O8: 494.2 | P8: 499.1 | Q8: 502.8 | R8: 507.8 | S8: 513.2 | T8: 518.6 | U8: 523 | V8: 526.9 | W8: 530.7 | X8: 535.1 | Y8: 538.2 | Z8: 541.4 | AA8: 544 | AB8: 546.3 | AC8: 550 | AD8: 549.9 | AE8: 551.8 | AF8: 553.2
A9: Rural+Urban | B9: Health | C9: =ROUND(CORREL(Table8[[#This Row],[Jan-2021]:[May-2023]],$D$12:$AF$12),2) -> 0.61 | D9: 159.3 | E9: 161.3 | F9: 161.7 | G9: 162.3 | H9: 165.8 | I9: 166.3 | J9: 167 | K9: 168.4 | L9: 168.4 | M9: 169.1 | N9: 169.9 | O9: 170.6 | P9: 171.4 | Q9: 172.2 | R9: 173 | S9: 174 | T9: 174.8 | U9: 175.4 | V9: 176.1 | W9: 176.8 | X9: 177.8 | Y9: 178.7 | Z9: 179.8 | AA9: 181.1 | AB9: 182.3 | AC9: 184.4 | AD9: 184.4 | AE9: 185 | AF9: 185.7
A10: Rural+Urban | B10: Premium | C10: =ROUND(CORREL(Table8[[#This Row],[Jan-2021]:[May-2023]],$D$12:$AF$12),2) -> 0.6 | D10: 492.9 | E10: 495.6 | F10: 494.5 | G10: 497.4 | H10: 506.3 | I10: 504.5 | J10: 506.6 | K10: 509.7 | L10: 509.8 | M10: 512.1 | N10: 514.9 | O10: 515.6 | P10: 516.4 | Q10: 519.3 | R10: 524.2 | S10: 527.1 | T10: 527.6 | U10: 529.5 | V10: 530.6 | W10: 533.1 | X10: 534.4 | Y10: 536.6 | Z10: 539 | AA10: 542 | AB10: 546.3 | AC10: 550.8 | AD10: 550.8 | AE10: 555.3 | AF10: 557.4
A11: Rural+Urban | B11: Miscellaneous | C11: =ROUND(CORREL(Table8[[#This Row],[Jan-2021]:[May-2023]],$D$12:$AF$12),2) -> 0.66 | D11: 151.9 | E11: 153.4 | F11: 153.8 | G11: 154.4 | H11: 156.8 | I11: 157.6 | J11: 159 | K11: 160 | L11: 160 | M11: 161 | N11: 161.4 | O11: 162 | P11: 162.7 | Q11: 163.5 | R11: 164.6 | S11: 166.8 | T11: 167.5 | U11: 167.5 | V11: 168.4 | W11: 169.1 | X11: 169.7 | Y11: 170.5 | Z11: 171.1 | AA11: 172 | AB11: 172.8 | AC11: 174.1 | AD11: 174.1 | AE11: 175 | AF11: 175.7
B12: Crude oil price | C12: =ROUND(CORREL(Table8[[#This Row],[Jan-2021]:[May-2023]],$D$12:$AF$12),2) -> 1 | D12: 3918.56 | E12: 4399.41 | F12: 4646.36 | G12: 4684.64 | H12: 4870.98 | I12: 5281.48 | J12: 5460.9 | K12: 5108.73 | L12: 5359.17 | M12: 6146.58 | N12: 5952.69 | O12: 5504.55 | P12: 6247.71 | Q12: 7018.51 | R12: 8569.88 | S12: 7877.96 | T12: 8511.74 | U12: 9119.55 | V12: 8366.39 | W12: 7634.9 | X12: 7079.45 | Y12: 7437.13 | Z12: 7150.11 | AA12: 6429.95 | AB12: 6584.69 | AC12: 6628.99 | AD12: 6292.9 | AE12: 6763.43 | AF12: 6102.52

Sheet Data Cleaning
A1: Impute the missing values with moving averages
A2: For missing values of april and may 2020, impute with averages of Feb, Mar, Jun, Jul
A3: For missing values of may 2020, impute with averages of Apr and Jun
A4: For NA values in housing col for rural sector, impute using the average value of urban and rural + urban sectors
A6: Created New columns for broader categories
A7: Summed up all the food categories into a broader Food category and housing, fuel and light, household goods, transport, and education into essentials
A9: Map related categories to a broader category
A10: Combining all the food categories into one broader Food Category
A11: Clothing, footwear products into Clothing
A12: Housing, fuel and light, Household goods, transport, and education into Essentials
A13: Pan and tabacco, Recreation and amusement, and Personal care into Premium
A14: Others broader categories are Health, Miscellaneous etc

Sheet Main Data
A1: Sector | B1: Year | C1: Month | D1: Date | E1: Cereals and products | F1: Meat and fish | G1: Egg | H1: Milk and products | I1: Oils and fats | J1: Fruits | K1: Vegetables | L1: Pulses and products | M1: Sugar and Confectionery | N1: Spices | O1: Non-alcoholic beverages | P1: Prepared meals, snacks, sweets etc. | Q1: Food and beverages | R1: Pan, tobacco and intoxicants | S1: Clothing | T1: Footwear | U1: Clothing and footwear | V1: Housing | W1: Fuel and light | X1: Household goods and services | Y1: Health | Z1: Transport and communication | AA1: Recreation and amusement | AB1: Education | AC1: Personal care and effects | AD1: Miscellaneous | AE1: General index | AF1: Food | AG1: Essentials | AH1: Clothing2 | AI1: Premium
A2: Rural | B2: 2013 | C2: January | D2: 41275 | E2: 107.5 | F2: 106.3 | G2: 108.1 | H2: 104.9 | I2: 106.1 | J2: 103.9 | K2: 101.9 | L2: 106.1 | M2: 106.8 | N2: 103.1 | O2: 104.8 | P2: 106.7 | Q2: 105.5 | R2: 105.1 | S2: 106.5 | T2: 105.8 | U2: 106.4 | V2: 100.3 | W2: 105.5 | X2: 104.8 | Y2: 104 | Z2: 103.3 | AA2: 103.4 | AB2: 103.8 | AC2: 104.7 | AD2: 104 | AE2: 105.1 | AF2: =SUM(Table2[[#This Row],[Cereals and products]:[Food and beverages]]) -> 1371.7 | AG2: =SUM(Table2[[#This Row],[Housing]:[Household goods and services]],Table2[[#This Row],[Transport and communication]],Table2[[#This Row],[Education]]) -> 517.7 | AH2: =SUM(Table2[[#This Row],[Clothing]:[Clothing and footwear]]) -> 318.7 | AI2: =SUM(Table2[[#This Row],[Pan, tobacco and intoxicants]],Table2[[#This Row],[Recreation and amusement]],Table2[[#This Row],[Personal care and effects]]) -> 313.2
A3: Urban | B3: 2013 | C3: January | D3: 41275 | E3: 110.5 | F3: 109.1 | G3: 113 | H3: 103.6 | I3: 103.4 | J3: 102.3 | K3: 102.9 | L3: 105.8 | M3: 105.1 | N3: 101.8 | O3: 105.1 | P3: 107.9 | Q3: 105.9 | R3: 105.2 | S3: 105.9 | T3: 105 | U3: 105.8 | V3: 100.3 | W3: 105.4 | X3: 104.8 | Y3: 104.1 | Z3: 103.2 | AA3: 102.9 | AB3: 103.5 | AC3: 104.3 | AD3: 103.7 | AE3: 104 | AF3: =SUM(Table2[[#This Row],[Cereals and products]:[Food and beverages]]) -> 1376.4 | AG3: =SUM(Table2[[#This Row],[Housing]:[Household goods and services]],Table2[[#This Row],[Transport and communication]],Table2[[#This Row],[Education]]) -> 517.2 | AH3: =SUM(Table2[[#This Row],[Clothing]:[Clothing and footwear]]) -> 316.7 | AI3: =SUM(Table2[[#This Row],[Pan, tobacco and intoxicants]],Table2[[#This Row],[Recreation and amusement]],Table2[[#This Row],[Personal care and effects]]) -> 312.4
A4: Rural+Urban | B4: 2013 | C4: January | D4: 41275 | E4: 108.4 | F4: 107.3 | G4: 110 | H4: 104.4 | I4: 105.1 | J4: 103.2 | K4: 102.2 | L4: 106 | M4: 106.2 | N4: 102.7 | O4: 104.9 | P4: 107.3 | Q4: 105.6 | R4: 105.1 | S4: 106.3 | T4: 105.5 | U4: 106.2 | V4: 100.3 | W4: 105.5 | X4: 104.8 | Y4: 104 | Z4: 103.2 | AA4: 103.1 | AB4: 103.6 | AC4: 104.5 | AD4: 103.9 | AE4: 104.6 | AF4: =SUM(Table2[[#This Row],[Cereals and products]:[Food and beverages]]) -> 1373.3 | AG4: =SUM(Table2[[#This Row],[Housing]:[Household goods and services]],Table2[[#This Row],[Transport and communication]],Table2[[#This Row],[Education]]) -> 517.4 | AH4: =SUM(Table2[[#This Row],[Clothing]:[Clothing and footwear]]) -> 318 | AI4: =SUM(Table2[[#This Row],[Pan, tobacco and intoxicants]],Table2[[#This Row],[Recreation and amusement]],Table2[[#This Row],[Personal care and effects]]) -> 312.7
A5: Rural | B5: 2013 | C5: February | D5: 41306 | E5: 109.2 | F5: 108.7 | G5: 110.2 | H5: 105.4 | I5: 106.7 | J5: 104 | K5: 102.4 | L5: 105.9 | M5: 105.7 | N5: 103.1 | O5: 105.1 | P5: 107.7 | Q5: 106.3 | R5: 105.6 | S5: 107.1 | T5: 106.3 | U5: 107 | V5: 100.4 | W5: 106.2 | X5: 105.2 | Y5: 104.4 | Z5: 103.9 | AA5: 104 | AB5: 104.1 | AC5: 104.6 | AD5: 104.4 | AE5: 105.8 | AF5: =SUM(Table2[[#This Row],[Cereals and products]:[Food and beverages]]) -> 1380.4 | AG5: =SUM(Table2[[#This Row],[Housing]:[Household goods and services]],Table2[[#This Row],[Transport and communication]],Table2[[#This Row],[Education]]) -> 519.8 | AH5: =SUM(Table2[[#This Row],[Clothing]:[Clothing and footwear]]) -> 320.4 | AI5: =SUM(Table2[[#This Row],[Pan, tobacco and intoxicants]],Table2[[#This Row],[Recreation and amusement]],Table2[[#This Row],[Personal care and effects]]) -> 314.2
A6: Urban | B6: 2013 | C6: February | D6: 41306 | E6: 112.9 | F6: 112.9 | G6: 116.9 | H6: 104 | I6: 103.5 | J6: 103.1 | K6: 104.9 | L6: 104.1 | M6: 103.8 | N6: 102.3 | O6: 106 | P6: 109 | Q6: 107.2 | R6: 106 | S6: 106.6 | T6: 105.5 | U6: 106.4 | V6: 100.4 | W6: 105.7 | X6: 105.2 | Y6: 104.7 | Z6: 104.4 | AA6: 103.3 | AB6: 103.7 | AC6: 104.3 | AD6: 104.3 | AE6: 104.7 | AF6: =SUM(Table2[[#This Row],[Cereals and products]:[Food and beverages]]) -> 1390.6 | AG6: =SUM(Table2[[#This Row],[Housing]:[Household goods and services]],Table2[[#This Row],[Transport and communication]],Table2[[#This Row],[Education]]) -> 519.4 | AH6: =SUM(Table2[[#This Row],[Clothing]:[Clothing and footwear]]) -> 318.5 | AI6: =SUM(Table2[[#This Row],[Pan, tobacco and intoxicants]],Table2[[#This Row],[Recreation and amusement]],Table2[[#This Row],[Personal care and effects]]) -> 313.6
A7: Rural+Urban | B7: 2013 | C7: February | D7: 41306 | E7: 110.4 | F7: 110.2 | G7: 112.8 | H7: 104.9 | I7: 105.5 | J7: 103.6 | K7: 103.2 | L7: 105.3 | M7: 105.1 | N7: 102.8 | O7: 105.5 | P7: 108.3 | Q7: 106.6 | R7: 105.7 | S7: 106.9 | T7: 106 | U7: 106.8 | V7: 100.4 | W7: 106 | X7: 105.2 | Y7: 104.5 | Z7: 104.2 | AA7: 103.6 | AB7: 103.9 | AC7: 104.5 | AD7: 104.4 | AE7: 105.3 | AF7: =SUM(Table2[[#This Row],[Cereals and products]:[Food and beverages]]) -> 1384.2 | AG7: =SUM(Table2[[#This Row],[Housing]:[Household goods and services]],Table2[[#This Row],[Transport and communication]],Table2[[#This Row],[Education]]) -> 519.7 | AH7: =SUM(Table2[[#This Row],[Clothing]:[Clothing and footwear]]) -> 319.7 | AI7: =SUM(Table2[[#This Row],[Pan, tobacco and intoxicants]],Table2[[#This Row],[Recreation and amusement]],Table2[[#This Row],[Personal care and effects]]) -> 313.8
A8: Rural | B8: 2013 | C8: March | D8: 41334 | E8: 110.2 | F8: 108.8 | G8: 109.9 | H8: 105.6 | I8: 106.2 | J8: 105.7 | K8: 101.4 | L8: 105.7 | M8: 105 | N8: 103.3 | O8: 105.6 | P8: 108.2 | Q8: 106.6 | R8: 106.5 | S8: 107.6 | T8: 106.8 | U8: 107.5 | V8: 100.4 | W8: 106.1 | X8: 105.6 | Y8: 104.7 | Z8: 104.6 | AA8: 104 | AB8: 104.3 | AC8: 104.3 | AD8: 104.6 | AE8: 106 | AF8: =SUM(Table2[[#This Row],[Cereals and products]:[Food and beverages]]) -> 1382.2 | AG8: =SUM(Table2[[#This Row],[Housing]:[Household goods and services]],Table2[[#This Row],[Transport and communication]],Table2[[#This Row],[Education]]) -> 521 | AH8: =SUM(Table2[[#This Row],[Clothing]:[Clothing and footwear]]) -> 321.9 | AI8: =SUM(Table2[[#This Row],[Pan, tobacco and intoxicants]],Table2[[#This Row],[Recreation and amusement]],Table2[[#This Row],[Personal care and effects]]) -> 314.8
A9: Urban | B9: 2013 | C9: March | D9: 41334 | E9: 113.9 | F9: 111.4 | G9: 113.2 | H9: 104.3 | I9: 102.7 | J9: 104.9 | K9: 103.8 | L9: 103.5 | M9: 102.6 | N9: 102.4 | O9: 107 | P9: 109.8 | Q9: 107.3 | R9: 106.8 | S9: 107.2 | T9: 106 | U9: 107 | V9: 100.4 | W9: 106 | X9: 105.7 | Y9: 105.2 | Z9: 105.5 | AA9: 103.5 | AB9: 103.8 | AC9: 104.2 | AD9: 104.9 | AE9: 105 | AF9: =SUM(Table2[[#This Row],[Cereals and products]:[Food and beverages]]) -> 1386.8 | AG9: =SUM(Table2[[#This Row],[Housing]:[Household goods and services]],Table2[[#This Row],[Transport and communication]],Table2[[#This Row],[Education]]) -> 521.4 | AH9: =SUM(Table2[[#This Row],[Clothing]:[Clothing and footwear]]) -> 320.2 | AI9: =SUM(Table2[[#This Row],[Pan, tobacco and intoxicants]],Table2[[#This Row],[Recreation and amusement]],Table2[[#This Row],[Personal care and effects]]) -> 314.5
A10: Rural+Urban | B10: 2013 | C10: March | D10: 41334 | E10: 111.4 | F10: 109.7 | G10: 111.2 | H10: 105.1 | I10: 104.9 | J10: 105.3 | K10: 102.2 | L10: 105 | M10: 104.2 | N10: 103 | O10: 106.2 | P10: 108.9 | Q10: 106.9 | R10: 106.6 | S10: 107.4 | T10: 106.5 | U10: 107.3 | V10: 100.4 | W10: 106.1 | X10: 105.6 | Y10: 104.9 | Z10: 105.1 | AA10: 103.7 | AB10: 104 | AC10: 104.3 | AD10: 104.7 | AE10: 105.5 | AF10: =SUM(Table2[[#This Row],[Cereals and products]:[Food and beverages]]) -> 1384 | AG10: =SUM(Table2[[#This Row],[Housing]:[Household goods and services]],Table2[[#This Row],[Transport and communication]],Table2[[#This Row],[Education]]) -> 521.2 | AH10: =SUM(Table2[[#This Row],[Clothing]:[Clothing and footwear]]) -> 321.2 | AI10: =SUM(Table2[[#This Row],[Pan, tobacco and intoxicants]],Table2[[#This Row],[Recreation and amusement]],Table2[[#This Row],[Personal care and effects]]) -> 314.6
A11: Rural | B11: 2013 | C11: April | D11: 41365 | E11: 110.2 | F11: 109.5 | G11: 106.9 | H11: 106.3 | I11: 105.7 | J11: 108.3 | K11: 103.4 | L11: 105.7 | M11: 104.2 | N11: 103.2 | O11: 106.5 | P11: 108.8 | Q11: 107.1 | R11: 107.1 | S11: 108.1 | T11: 107.4 | U11: 108 | V11: 100.5 | W11: 106.5 | X11: 106.1 | Y11: 105.1 | Z11: 104.4 | AA11: 104.5 | AB11: 104.8 | AC11: 102.7 | AD11: 104.6 | AE11: 106.4 | AF11: =SUM(Table2[[#This Row],[Cereals and products]:[Food and beverages]]) -> 1385.8 | AG11: =SUM(Table2[[#This Row],[Housing]:[Household goods and services]],Table2[[#This Row],[Transport and communication]],Table2[[#This Row],[Education]]) -> 522.3 | AH11: =SUM(Table2[[#This Row],[Clothing]:[Clothing and footwear]]) -> 323.5 | AI11: =SUM(Table2[[#This Row],[Pan, tobacco and intoxicants]],Table2[[#This Row],[Recreation and amusement]],Table2[[#This Row],[Personal care and effects]]) -> 314.3
A12: Urban | B12: 2013 | C12: April | D12: 41365 | E12: 114.6 | F12: 113.4 | G12: 106 | H12: 104.7 | I12: 102.1 | J12: 109.5 | K12: 109.7 | L12: 104.6 | M12: 102 | N12: 103.5 | O12: 108.2 | P12: 110.6 | Q12: 108.8 | R12: 108.5 | S12: 107.9 | T12: 106.4 | U12: 107.7 | V12: 100.5 | W12: 106.4 | X12: 106.5 | Y12: 105.7 | Z12: 105 | AA12: 104 | AB12: 105.2 | AC12: 103.2 | AD12: 105.1 | AE12: 105.7 | AF12: =SUM(Table2[[#This Row],[Cereals and products]:[Food and beverages]]) -> 1397.7 | AG12: =SUM(Table2[[#This Row],[Housing]:[Household goods and services]],Table2[[#This Row],[Transport and communication]],Table2[[#This Row],[Education]]) -> 523.6 | AH12: =SUM(Table2[[#This Row],[Clothing]:[Clothing and footwear]]) -> 322 | AI12: =SUM(Table2[[#This Row],[Pan, tobacco and intoxicants]],Table2[[#This Row],[Recreation and amusement]],Table2[[#This Row],[Personal care and effects]]) -> 315.7
A13: Rural+Urban | B13: 2013 | C13: April | D13: 41365 | E13: 111.6 | F13: 110.9 | G13: 106.6 | H13: 105.7 | I13: 104.4 | J13: 108.9 | K13: 105.5 | L13: 105.3 | M13: 103.5 | N13: 103.3 | O13: 107.2 | P13: 109.6 | Q13: 107.7 | R13: 107.5 | S13: 108 | T13: 107 | U13: 107.9 | V13: 100.5 | W13: 106.5 | X13: 106.3 | Y13: 105.3 | Z13: 104.7 | AA13: 104.2 | AB13: 105 | AC13: 102.9 | AD13: 104.8 | AE13: 106.1 | AF13: =SUM(Table2[[#This Row],[Cereals and products]:[Food and beverages]]) -> 1390.2 | AG13: =SUM(Table2[[#This Row],[Housing]:[Household goods and services]],Table2[[#This Row],[Transport and communication]],Table2[[#This Row],[Education]]) -> 523 | AH13: =SUM(Table2[[#This Row],[Clothing]:[Clothing and footwear]]) -> 322.9 | AI13: =SUM(Table2[[#This Row],[Pan, tobacco and intoxicants]],Table2[[#This Row],[Recreation and amusement]],Table2[[#This Row],[Personal care and effects]]) -> 314.6
... A373: Rural+Urban | B373: 2023 | C373: May | D373: 45047 | E373: 173.7 | F373: 214.3 | G373: 173.2 | H373: 179.5 | I373: 170 | J373: 172.2 | K373: 161 | L373: 175.6 | M373: 122.7 | N373: 218 | O373: 173.4 | P373: 194.2 | Q373: 179.1 | R373: 201 | S373: 187.3 | T373: 179.7 | U373: 186.2 | V373: 175.6 | W373: 182.8 | X373: 175.2 | Y373: 185.7 | Z373: 164.8 | AA373: 171.2 | AB373: 177.1 | AC373: 185.2 | AD373: 175.7 | AE373: 179.1 | AF373: =SUM(Table2[[#This Row],[Cereals and products]:[Food and beverages]]) -> 2306.9 | AG373: =SUM(Table2[[#This Row],[Housing]:[Household goods and services]],Table2[[#This Row],[Transport and communication]],Table2[[#This Row],[Education]]) -> 875.5 | AH373: =SUM(Table2[[#This Row],[Clothing]:[Clothing and footwear]]) -> 553.2 | AI373: =SUM(Table2[[#This Row],[Pan, tobacco and intoxicants]],Table2[[#This Row],[Recreation and amusement]],Table2[[#This Row],[Personal care and effects]]) -> 557.4

Sheet Raw Data
A1: Sector | B1: Year | C1: Month | D1: Cereals and products | E1: Meat and fish | F1: Egg | G1: Milk and products | H1: Oils and fats | I1: Fruits | J1: Vegetables | K1: Pulses and products | L1: Sugar and Confectionery | M1: Spices | N1: Non-alcoholic beverages | O1: Prepared meals, snacks, sweets etc. | P1: Food and beverages | Q1: Pan, tobacco and intoxicants | R1: Clothing | S1: Footwear | T1: Clothing and footwear | U1: Housing | V1: Fuel and light | W1: Household goods and services | X1: Health | Y1: Transport and communication | Z1: Recreation and amusement | AA1: Education | AB1: Personal care and effects | AC1: Miscellaneous | AD1: General index
A2: Rural | B2: 2013 | C2: January | D2: 107.5 | E2: 106.3 | F2: 108.1 | G2: 104.9 | H2: 106.1 | I2: 103.9 | J2: 101.9 | K2: 106.1 | L2: 106.8 | M2: 103.1 | N2: 104.8 | O2: 106.7 | P2: 105.5 | Q2: 105.1 | R2: 106.5 | S2: 105.8 | T2: 106.4 | U2: NA | V2: 105.5 | W2: 104.8 | X2: 104 | Y2: 103.3 | Z2: 103.4 | AA2: 103.8 | AB2: 104.7 | AC2: 104 | AD2: 105.1
A3: Urban | B3: 2013 | C3: January | D3: 110.5 | E3: 109.1 | F3: 113 | G3: 103.6 | H3: 103.4 | I3: 102.3 | J3: 102.9 | K3: 105.8 | L3: 105.1 | M3: 101.8 | N3: 105.1 | O3: 107.9 | P3: 105.9 | Q3: 105.2 | R3: 105.9 | S3: 105 | T3: 105.8 | U3: 100.3 | V3: 105.4 | W3: 104.8 | X3: 104.1 | Y3: 103.2 | Z3: 102.9 | AA3: 103.5 | AB3: 104.3 | AC3: 103.7 | AD3: 104
A4: Rural+Urban | B4: 2013 | C4: January | D4: 108.4 | E4: 107.3 | F4: 110 | G4: 104.4 | H4: 105.1 | I4: 103.2 | J4: 102.2 | K4: 106 | L4: 106.2 | M4: 102.7 | N4: 104.9 | O4: 107.3 | P4: 105.6 | Q4: 105.1 | R4: 106.3 | S4: 105.5 | T4: 106.2 | U4: 100.3 | V4: 105.5 | W4: 104.8 | X4: 104 | Y4: 103.2 | Z4: 103.1 | AA4: 103.6 | AB4: 104.5 | AC4: 103.9 | AD4: 104.6
A5: Rural | B5: 2013 | C5: February | D5: 109.2 | E5: 108.7 | F5: 110.2 | G5: 105.4 | H5: 106.7 | I5: 104 | J5: 102.4 | K5: 105.9 | L5: 105.7 | M5: 103.1 | N5: 105.1 | O5: 107.7 | P5: 106.3 | Q5: 105.6 | R5: 107.1 | S5: 106.3 | T5: 107 | U5: NA | V5: 106.2 | W5: 105.2 | X5: 104.4 | Y5: 103.9 | Z5: 104 | AA5: 104.1 | AB5: 104.6 | AC5: 104.4 | AD5: 105.8
A6: Urban | B6: 2013 | C6: February | D6: 112.9 | E6: 112.9 | F6: 116.9 | G6: 104 | H6: 103.5 | I6: 103.1 | J6: 104.9 | K6: 104.1 | L6: 103.8 | M6: 102.3 | N6: 106 | O6: 109 | P6: 107.2 | Q6: 106 | R6: 106.6 | S6: 105.5 | T6: 106.4 | U6: 100.4 | V6: 105.7 | W6: 105.2 | X6: 104.7 | Y6: 104.4 | Z6: 103.3 | AA6: 103.7 | AB6: 104.3 | AC6: 104.3 | AD6: 104.7
A7: Rural+Urban | B7: 2013 | C7: February | D7: 110.4 | E7: 110.2 | F7: 112.8 | G7: 104.9 | H7: 105.5 | I7: 103.6 | J7: 103.2 | K7: 105.3 | L7: 105.1 | M7: 102.8 | N7: 105.5 | O7: 108.3 | P7: 106.6 | Q7: 105.7 | R7: 106.9 | S7: 106 | T7: 106.8 | U7: 100.4 | V7: 106 | W7: 105.2 | X7: 104.5 | Y7: 104.2 | Z7: 103.6 | AA7: 103.9 | AB7: 104.5 | AC7: 104.4 | AD7: 105.3
A8: Rural | B8: 2013 | C8: March | D8: 110.2 | E8: 108.8 | F8: 109.9 | G8: 105.6 | H8: 106.2 | I8: 105.7 | J8: 101.4 | K8: 105.7 | L8: 105 | M8: 103.3 | N8: 105.6 | O8: 108.2 | P8: 106.6 | Q8: 106.5 | R8: 107.6 | S8: 106.8 | T8: 107.5 | U8: NA | V8: 106.1 | W8: 105.6 | X8: 104.7 | Y8: 104.6 | Z8: 104 | AA8: 104.3 | AB8: 104.3 | AC8: 104.6 | AD8: 106
A9: Urban | B9: 2013 | C9: March | D9: 113.9 | E9: 111.4 | F9: 113.2 | G9: 104.3 | H9: 102.7 | I9: 104.9 | J9: 103.8 | K9: 103.5 | L9: 102.6 | M9: 102.4 | N9: 107 | O9: 109.8 | P9: 107.3 | Q9: 106.8 | R9: 107.2 | S9: 106 | T9: 107 | U9: 100.4 | V9: 106 | W9: 105.7 | X9: 105.2 | Y9: 105.5 | Z9: 103.5 | AA9: 103.8 | AB9: 104.2 | AC9: 104.9 | AD9: 105
A10: Rural+Urban | B10: 2013 | C10: March | D10: 111.4 | E10: 109.7 | F10: 111.2 | G10: 105.1 | H10: 104.9 | I10: 105.3 | J10: 102.2 | K10: 105 | L10: 104.2 | M10: 103 | N10: 106.2 | O10: 108.9 | P10: 106.9 | Q10: 106.6 | R10: 107.4 | S10: 106.5 | T10: 107.3 | U10: 100.4 | V10: 106.1 | W10: 105.6 | X10: 104.9 | Y10: 105.1 | Z10: 103.7 | AA10: 104 | AB10: 104.3 | AC10: 104.7 | AD10: 105.5
A11: Rural | B11: 2013 | C11: April | D11: 110.2 | E11: 109.5 | F11: 106.9 | G11: 106.3 | H11: 105.7 | I11: 108.3 | J11: 103.4 | K11: 105.7 | L11: 104.2 | M11: 103.2 | N11: 106.5 | O11: 108.8 | P11: 107.1 | Q11: 107.1 | R11: 108.1 | S11: 107.4 | T11: 108 | U11: NA | V11: 106.5 | W11: 106.1 | X11: 105.1 | Y11: 104.4 | Z11: 104.5 | AA11: 104.8 | AB11: 102.7 | AC11: 104.6 | AD11: 106.4
A12: Urban | B12: 2013 | C12: April | D12: 114.6 | E12: 113.4 | F12: 106 | G12: 104.7 | H12: 102.1 | I12: 109.5 | J12: 109.7 | K12: 104.6 | L12: 102 | M12: 103.5 | N12: 108.2 | O12: 110.6 | P12: 108.8 | Q12: 108.5 | R12: 107.9 | S12: 106.4 | T12: 107.7 | U12: 100.5 | V12: 106.4 | W12: 106.5 | X12: 105.7 | Y12: 105 | Z12: 104 | AA12: 105.2 | AB12: 103.2 | AC12: 105.1 | AD12: 105.7
A13: Rural+Urban | B13: 2013 | C13: April | D13: 111.6 | E13: 110.9 | F13: 106.6 | G13: 105.7 | H13: 104.4 | I13: 108.9 | J13: 105.5 | K13: 105.3 | L13: 103.5 | M13: 103.3 | N13: 107.2 | O13: 109.6 | P13: 107.7 | Q13: 107.5 | R13: 108 | S13: 107 | T13: 107.9 | U13: 100.5 | V13: 106.5 | W13: 106.3 | X13: 105.3 | Y13: 104.7 | Z13: 104.2 | AA13: 105 | AB13: 102.9 | AC13: 104.8 | AD13: 106.1
... A259: Rural+Urban | B259: 2020 | C259: March | D259: 145.1 | E259: 167 | F259: 148.1 | G259: 151.5 | H259: 131.2 | I259: 142.5 | J259: 157.3 | K259: 141.1 | L259: 113.2 | M259: 153.2 | N259: 136.7 | O259: 159.6 | P259: 148.9 | Q259: 171.2 | R259: 151.2 | S259: 141.9 | T259: 149.8 | U259: 154.5 | V259: 148.9 | W259: 146.4 | X259: 152.3 | Y259: 129.9 | Z259: 143.7 | AA259: 156.1 | AB259: 145.2 | AC259: 143.8 | AD259: 148.6
A260: Rural | B260: 2020 | C260: April | D260: 147.2 | F260: 146.9 | G260: 155.6 | H260: 137.1 | I260: 147.3 | J260: 162.7 | K260: 150.2 | L260: 119.8 | M260: 158.7 | N260: 139.2 | P260: 150.1 | U260: NA | V260: 148.4 | X260: 154.3
A261: Urban | B261: 2020 | C261: April | D261: 151.8 | F261: 151.9 | G261: 155.5 | H261: 131.6 | I261: 152.9 | J261: 180 | K261: 150.8 | L261: 121.2 | M261: 154 | N261: 133.5 | P261: 153.5 | U261: 155.6 | V261: 137.1 | X261: 144.8
A262: Rural+Urban | B262: 2020 | C262: April | D262: 148.7 | F262: 148.8 | G262: 155.6 | H262: 135.1 | I262: 149.9 | J262: 168.6 | K262: 150.4 | L262: 120.3 | M262: 157.1 | N262: 136.8 | P262: 151.4 | U262: 155.6 | V262: 144.1 | X262: 150.7
A263: Rural | B263: 2020 | C263: May | U263: NA
A264: Urban | B264: 2020 | C264: May | U264: NA
A265: Rural+Urban | B265: 2020 | C265: May | U265: NA
A266: Rural | B266: 2020 | C266: June | D266: 148.2 | E266: 190.3 | F266: 149.4 | G266: 153.3 | H266: 138.2 | I266: 143.2 | J266: 148.9 | K266: 150.3 | L266: 113.2 | M266: 159.8 | N266: 142.1 | O266: 161.8 | P266: 152.3 | Q266: 182.4 | R266: 154.7 | S266: 150 | T266: 154.1 | U266: NA | V266: 144.9 | W266: 151.7 | X266: 158.2 | Y266: 141.4 | Z266: 153.2 | AA266: 161.8 | AB266: 151.2 | AC266: 151.7 | AD266: 152.7
A267: Urban | B267: 2020 | C267: June | D267: 152.7 | E267: 197 | F267: 154.6 | G267: 153.4 | H267: 132.9 | I267: 151.8 | J267: 171.2 | K267: 152 | L267: 116.3 | M267: 158.8 | N267: 135.6 | O267: 161.7 | P267: 157 | Q267: 186.7 | R267: 149.1 | S267: 136.6 | T267: 147.2 | U267: 154.7 | V267: 137.1 | W267: 140.4 | X267: 148.1 | Y267: 129.3 | Z267: 144.5 | AA267: 152.5 | AB267: 152.2 | AC267: 142 | AD267: 150.8
A268: Rural+Urban | B268: 2020 | C268: June | D268: 149.6 | E268: 192.7 | F268: 151.4 | G268: 153.3 | H268: 136.3 | I268: 147.2 | J268: 156.5 | K268: 150.9 | L268: 114.2 | M268: 159.5 | N268: 139.4 | O268: 161.8 | P268: 154 | Q268: 183.5 | R268: 152.5 | S268: 144.4 | T268: 151.4 | U268: 154.7 | V268: 141.9 | W268: 146.4 | X268: 154.4 | Y268: 135 | Z268: 148.3 | AA268: 156.4 | AB268: 151.6 | AC268: 147 | AD268: 151.8
A269: Rural | B269: 2020 | C269: July | D269: 148.2 | E269: 190.3 | F269: 149.4 | G269: 153.3 | H269: 138.2 | I269: 143.2 | J269: 148.9 | K269: 150.3 | L269: 113.2 | M269: 159.8 | N269: 142.1 | O269: 161.8 | P269: 152.3 | Q269: 182.4 | R269: 154.7 | S269: 150 | T269: 154.1 | U269: NA | V269: 144.9 | W269: 151.7 | X269: 158.2 | Y269: 141.4 | Z269: 153.2 | AA269: 161.8 | AB269: 151.2 | AC269: 151.7 | AD269: 152.7
A270: Urban | B270: 2020 | C270: July | D270: 152.7 | E270: 197 | F270: 154.6 | G270: 153.4 | H270: 132.9 | I270: 151.8 | J270: 171.2 | K270: 152 | L270: 116.3 | M270: 158.8 | N270: 135.6 | O270: 161.7 | P270: 157 | Q270: 186.7 | R270: 149.1 | S270: 136.6 | T270: 147.2 | U270: 154.7 | V270: 137.1 | W270: 140.4 | X270: 148.1 | Y270: 129.3 | Z270: 144.5 | AA270: 152.5 | AB270: 152.2 | AC270: 142 | AD270: 150.8
A271: Rural+Urban | B271: 2020 | C271: July | D271: 149.6 | E271: 192.7 | F271: 151.4 | G271: 153.3 | H271: 136.3 | I271: 147.2 | J271: 156.5 | K271: 150.9 | L271: 114.2 | M271: 159.5 | N271: 139.4 | O271: 161.8 | P271: 154 | Q271: 183.5 | R271: 152.5 | S271: 144.4 | T271: 151.4 | U271: 154.7 | V271: 141.9 | W271: 146.4 | X271: 154.4 | Y271: 135 | Z271: 148.3 | AA271: 156.4 | AB271: 151.6 | AC271: 147 | AD271: 151.8
A272: Rural | B272: 2020 | C272: August | D272: 147.6 | E272: 187.2 | F272: 148.4 | G272: 153.3 | H272: 139.8 | I272: 146.9 | J272: 171 | K272: 149.9 | L272: 114.2 | M272: 160 | N272: 143.5 | O272: 161.5 | P272: 155.3 | Q272: 180.9 | R272: 155.1 | S272: 149.3 | T272: 154.3 | U272: NA | V272: 145.8 | W272: 151.9 | X272: 158.8 | Y272: 143.6 | Z272: 152.2 | AA272: 162.7 | AB272: 153.6 | AC272: 153 | AD272: 154.7
A273: Urban | B273: 2020 | C273: August | D273: 151.6 | E273: 197.8 | F273: 154.5 | G273: 153.4 | H273: 133.4 | I273: 154.5 | J273: 191.9 | K273: 151.3 | L273: 116.8 | M273: 160 | N273: 136.5 | O273: 163.3 | P273: 159.9 | Q273: 187.2 | R273: 150 | S273: 135.2 | T273: 147.8 | U273: 155.5 | V273: 138.3 | W273: 144.5 | X273: 148.7 | Y273: 133.9 | Z273: 141.2 | AA273: 155.5 | AB273: 155.2 | AC273: 144.8 | AD273: 152.9
A274: Rural+Urban | B274: 2020 | C274: August | D274: 148.9 | E274: 190.9 | F274: 150.8 | G274: 153.3 | H274: 137.4 | I274: 150.4 | J274: 178.1 | K274: 150.4 | L274: 115.1 | M274: 160 | N274: 140.6 | O274: 162.3 | P274: 157 | Q274: 182.6 | R274: 153.1 | S274: 143.4 | T274: 151.7 | U274: 155.5 | V274: 143 | W274: 148.4 | X274: 155 | Y274: 138.5 | Z274: 146 | AA274: 158.5 | AB274: 154.3 | AC274: 149 | AD274: 153.9
A275: Rural | B275: 2020 | C275: September | D275: 146.9 | E275: 183.9 | F275: 149.5 | G275: 153.4 | H275: 140.4 | I275: 147 | J275: 178.8 | K275: 149.3 | L275: 115.1 | M275: 160 | N275: 145.4 | O275: 161.6 | P275: 156.1 | Q275: 182.9 | R275: 155.4 | S275: 149.9 | T275: 154.6 | U275: NA | V275: 146.4 | W275: 151.6 | X275: 159.1 | Y275: 144.6 | Z275: 152.8 | AA275: 161.1 | AB275: 157.4 | AC275: 153.7 | AD275: 155.4
A276: Urban | B276: 2020 | C276: September | D276: 151.5 | E276: 193.1 | F276: 157.3 | G276: 153.9 | H276: 134.4 | I276: 155.4 | J276: 202 | K276: 150.8 | L276: 118.9 | M276: 160.9 | N276: 137.7 | O276: 164.4 | P276: 161.3 | Q276: 188.7 | R276: 150.2 | S276: 136.3 | T276: 148.1 | U276: 156.3 | V276: 137.2 | W276: 145.4 | X276: 150 | Y276: 135.1 | Z276: 141.8 | AA276: 154.9 | AB276: 159.8 | AC276: 146 | AD276: 154
A277: Rural+Urban | B277: 2020 | C277: September | D277: 148.4 | E277: 187.1 | F277: 152.5 | G277: 153.6 | H277: 138.2 | I277: 150.9 | J277: 186.7 | K277: 149.8 | L277: 116.4 | M277: 160.3 | N277: 142.2 | O277: 162.9 | P277: 158 | Q277: 184.4 | R277: 153.4 | S277: 144.3 | T277: 152 | U277: 156.3 | V277: 142.9 | W277: 148.7 | X277: 155.6 | Y277: 139.6 | Z277: 146.6 | AA277: 157.5 | AB277: 158.4 | AC277: 150 | AD277: 154.7
... A373: Rural+Urban | B373: 2023 | C373: May | D373: 173.7 | E373: 214.3 | F373: 173.2 | G373: 179.5 | H373: 170 | I373: 172.2 | J373: 161 | K373: 175.6 | L373: 122.7 | M373: 218 | N373: 173.4 | O373: 194.2 | P373: 179.1 | Q373: 201 | R373: 187.3 | S373: 179.7 | T373: 186.2 | U373: 175.6 | V373: 182.8 | W373: 175.2 | X373: 185.7 | Y373: 164.8 | Z373: 171.2 | AA373: 177.1 | AB373: 185.2 | AC373: 175.7 | AD373: 179.1

Sheet Crude_oil_price
A1: Month | B1: Year | C1: Price
A2: 41275 | B2: =TEXT(Table13[[#This Row],[Month]],"yyyy") -> 2013 | C2: 5708.32
A3: 41306 | B3: =TEXT(Table13[[#This Row],[Month]],"yyyy") -> 2013 | C3: 5784.94
A4: 41334 | B4: =TEXT(Table13[[#This Row],[Month]],"yyyy") -> 2013 | C4: 5575.84
A5: 41365 | B5: =TEXT(Table13[[#This Row],[Month]],"yyyy") -> 2013 | C5: 5375.04
A6: 41395 | B6: =TEXT(Table13[[#This Row],[Month]],"yyyy") -> 2013 | C6: 5468.66
A7: 41426 | B7: =TEXT(Table13[[#This Row],[Month]],"yyyy") -> 2013 | C7: 5817.69
A8: 41456 | B8: =TEXT(Table13[[#This Row],[Month]],"yyyy") -> 2013 | C8: 6292.38
A9: 41487 | B9: =TEXT(Table13[[#This Row],[Month]],"yyyy") -> 2013 | C9: 6836.67
A10: 41518 | B10: =TEXT(Table13[[#This Row],[Month]],"yyyy") -> 2013 | C10: 6926.83
A11: 41548 | B11: =TEXT(Table13[[#This Row],[Month]],"yyyy") -> 2013 | C11: 6497.77
A12: 41579 | B12: =TEXT(Table13[[#This Row],[Month]],"yyyy") -> 2013 | C12: 6435.78
A13: 41609 | B13: =TEXT(Table13[[#This Row],[Month]],"yyyy") -> 2013 | C13: 6534.28
... A126: 45047 | B126: =TEXT(Table13[[#This Row],[Month]],"yyyy") -> 2023 | C126: 6102.52
